{
  "artifacts": [],
  "command": "main",
  "experiment": {
    "base_dir": "/csehome/sally20921/simclr",
    "dependencies": [
      "numpy==1.16.3",
      "sacred==0.8.1"
    ],
    "mainfile": "experiment.py",
    "name": "SimCLR",
    "repositories": [
      {
        "commit": "c415e030854ff9d245c9bcde0475f8c14a47e97d",
        "dirty": true,
        "url": "https://github.com/sally20921/simclr.git"
      },
      {
        "commit": "c415e030854ff9d245c9bcde0475f8c14a47e97d",
        "dirty": true,
        "url": "https://github.com/sally20921/simclr.git"
      },
      {
        "commit": "c415e030854ff9d245c9bcde0475f8c14a47e97d",
        "dirty": true,
        "url": "https://github.com/sally20921/simclr.git"
      }
    ],
    "sources": [
      [
        "experiment.py",
        "_sources/experiment_63a9e1c4cf64ac885d9f5d4e96573029.py"
      ],
      [
        "utils/__init__.py",
        "_sources/__init___882e88766bebf8a0177d05f789fddcd2.py"
      ],
      [
        "utils/yaml_config_hook.py",
        "_sources/yaml_config_hook_b9c7ea7ead682d1e098863f17f255e09.py"
      ]
    ]
  },
  "heartbeat": "2020-06-13T01:35:48.165021",
  "host": {
    "ENV": {},
    "cpu": "Intel(R) Core(TM) i7-7700 CPU @ 3.60GHz",
    "gpus": {
      "driver_version": "440.82",
      "gpus": [
        {
          "model": "GeForce GTX 1080",
          "persistence_mode": false,
          "total_memory": 8117
        }
      ]
    },
    "hostname": "faust",
    "os": [
      "Linux",
      "Linux-5.4.31-1-lts-x86_64-with-arch"
    ],
    "python_version": "3.7.7"
  },
  "meta": {
    "command": "main",
    "options": {
      "--beat-interval": null,
      "--capture": null,
      "--comment": null,
      "--debug": false,
      "--enforce_clean": false,
      "--file_storage": null,
      "--force": false,
      "--help": false,
      "--loglevel": null,
      "--mongo_db": null,
      "--name": null,
      "--pdb": false,
      "--print-config": false,
      "--priority": null,
      "--queue": false,
      "--s3": null,
      "--sql": null,
      "--tiny_db": null,
      "--unobserved": false,
      "COMMAND": null,
      "UPDATE": [],
      "help": false,
      "with": false
    }
  },
  "resources": [],
  "result": null,
  "start_time": "2020-06-13T01:29:15.833357",
  "status": "COMPLETED",
  "stop_time": "2020-06-13T01:35:48.163288"
}